"Date","Price","Open","High","Low","Vol.","Change %"
"12/31/2024","2,425.00","2,435.00","2,435.00","2,405.00","","-0.82%"
"12/30/2024","2,445.00","2,415.00","2,470.00","2,415.00","","0.82%"
"12/27/2024","2,425.00","2,420.00","2,432.50","2,407.50","","1.46%"
"12/26/2024","2,390.00","2,390.00","2,390.00","2,390.00","","0.00%"
"12/25/2024","2,390.00","2,390.00","2,390.00","2,390.00","","-1.24%"
"12/24/2024","2,420.00","2,420.00","2,435.00","2,410.00","","0.52%"
"12/23/2024","2,407.50","2,395.00","2,425.00","2,380.00","","-0.31%"
"12/20/2024","2,415.00","2,375.00","2,415.00","2,360.00","","-0.21%"
"12/19/2024","2,420.00","2,320.00","2,425.00","2,320.00","","1.68%"
"12/18/2024","2,380.00","2,350.00","2,410.00","2,335.00","","1.06%"
"12/17/2024","2,355.00","2,320.00","2,360.00","2,317.50","","0.86%"
"12/16/2024","2,335.00","2,330.00","2,375.00","2,312.50","","0.21%"
"12/13/2024","2,330.00","2,330.00","2,365.00","2,330.00","","-1.06%"
"12/12/2024","2,355.00","2,375.00","2,400.00","2,355.00","","-2.69%"
"12/11/2024","2,420.00","2,460.00","2,460.00","2,375.00","","-2.42%"
"12/10/2024","2,480.00","2,590.00","2,590.00","2,490.00","","-4.25%"
"12/09/2024","2,590.00","2,590.00","2,590.00","2,590.00","","0.00%"
"12/06/2024","2,590.00","2,600.00","2,600.00","2,600.00","","-0.77%"
"12/05/2024","2,610.00","2,605.00","2,620.00","2,605.00","","-0.38%"
"12/04/2024","2,620.00","2,640.00","2,640.00","2,630.00","","-0.19%"
"12/03/2024","2,625.00","2,650.00","2,650.00","2,635.00","","-0.19%"
"12/02/2024","2,630.00","2,650.00","2,650.00","2,635.00","","0.00%"
"11/29/2024","2,630.00","2,650.00","2,650.00","2,640.00","","-0.19%"
"11/28/2024","2,635.00","2,650.00","2,650.00","2,640.00","","0.00%"
"11/27/2024","2,635.00","2,635.00","2,635.00","2,635.00","","0.00%"
"11/26/2024","2,635.00","2,650.00","2,655.00","2,645.00","","-0.19%"
"11/25/2024","2,640.00","2,650.00","2,655.00","2,650.00","","-0.38%"
"11/22/2024","2,650.00","2,650.00","2,662.00","2,650.00","","0.38%"
"11/21/2024","2,640.00","2,650.00","2,655.00","2,650.00","","0.00%"
"11/20/2024","2,640.00","2,660.00","2,660.00","2,650.00","","-0.38%"
"11/19/2024","2,650.00","2,660.00","2,660.00","2,660.00","","0.00%"
"11/18/2024","2,650.00","2,660.00","2,665.00","2,655.00","","0.00%"
"11/15/2024","2,650.00","2,660.00","2,660.00","2,655.00","","0.00%"
"11/14/2024","2,650.00","2,660.00","2,665.00","2,655.00","","0.00%"
"11/13/2024","2,650.00","2,660.00","2,665.00","2,655.00","","0.00%"
"11/12/2024","2,650.00","2,660.00","2,660.00","2,660.00","","0.00%"
"11/11/2024","2,650.00","2,660.00","2,660.50","2,660.00","","-0.38%"
"11/08/2024","2,660.00","2,670.00","2,670.00","2,670.00","","-0.75%"
"11/07/2024","2,680.00","2,680.00","2,690.00","2,670.00","","-1.29%"
"11/06/2024","2,715.00","2,725.00","2,725.00","2,725.00","","0.93%"
"11/05/2024","2,690.00","2,700.00","2,700.00","2,695.00","","0.37%"
"11/04/2024","2,680.00","2,700.00","2,700.00","2,690.00","","-0.37%"
"11/01/2024","2,690.00","2,700.00","2,720.00","2,695.00","","-0.37%"
"10/31/2024","2,700.00","2,725.00","2,725.00","2,705.00","","-0.37%"
"10/30/2024","2,710.00","2,720.50","2,725.00","2,715.00","","-0.18%"
"10/29/2024","2,715.00","2,725.00","2,725.50","2,715.00","","0.00%"
"10/28/2024","2,715.00","2,725.00","2,725.00","2,720.00","","0.00%"
"10/25/2024","2,715.00","2,725.00","2,725.00","2,725.00","","0.00%"
"10/24/2024","2,715.00","2,725.00","2,726.00","2,725.00","","0.00%"
"10/23/2024","2,715.00","2,725.00","2,730.00","2,720.00","","0.00%"
"10/22/2024","2,715.00","2,720.00","2,725.00","2,720.00","","0.00%"
"10/21/2024","2,715.00","2,725.00","2,726.00","2,720.00","","0.18%"
"10/18/2024","2,710.00","2,725.00","2,728.00","2,720.00","","-0.18%"
"10/17/2024","2,715.00","2,725.00","2,725.50","2,720.00","","0.00%"
"10/16/2024","2,715.00","2,725.00","2,730.00","2,720.00","","0.00%"
"10/15/2024","2,715.00","2,725.00","2,726.00","2,720.00","","0.00%"
"10/14/2024","2,715.00","2,715.00","2,715.00","2,715.00","","0.00%"
"10/11/2024","2,715.00","2,725.00","2,725.00","2,720.00","","0.00%"
"10/10/2024","2,715.00","2,720.00","2,725.50","2,720.00","","0.00%"
"10/09/2024","2,715.00","2,720.00","2,726.00","2,720.00","","0.00%"
"10/08/2024","2,715.00","2,725.00","2,725.00","2,720.00","","0.00%"
"10/07/2024","2,715.00","2,725.00","2,725.00","2,720.00","","0.18%"
"10/04/2024","2,710.00","2,730.00","2,730.00","2,717.50","","-0.18%"
"10/03/2024","2,715.00","2,720.00","2,730.50","2,717.50","","0.00%"
"10/02/2024","2,715.00","2,725.00","2,725.50","2,717.50","","0.18%"
"10/01/2024","2,710.00","2,720.00","2,727.00","2,719.00","","-0.73%"
"09/30/2024","2,730.00","2,730.00","2,730.00","2,730.00","","0.18%"
"09/27/2024","2,725.00","2,720.00","2,730.00","2,720.00","","0.00%"
"09/26/2024","2,725.00","2,730.00","2,730.00","2,730.00","","0.37%"
"09/25/2024","2,715.00","2,730.00","2,730.00","2,720.00","","-0.40%"
"09/24/2024","2,726.00","2,731.00","2,731.00","2,731.00","","0.04%"
"09/23/2024","2,725.00","2,730.00","2,730.00","2,730.00","","0.18%"
"09/20/2024","2,720.00","2,720.00","2,730.00","2,717.00","","0.00%"
"09/19/2024","2,720.00","2,725.00","2,725.00","2,725.00","","0.00%"
"09/18/2024","2,720.00","2,720.00","2,725.00","2,720.00","","0.00%"
"09/17/2024","2,720.00","2,725.00","2,725.00","2,720.00","","-0.35%"
"09/16/2024","2,729.45","2,733.91","2,733.91","2,729.45","","0.35%"
"09/13/2024","2,720.00","2,730.00","2,730.00","2,725.00","","0.00%"
"09/12/2024","2,720.00","2,717.00","2,725.00","2,715.00","","0.18%"
"09/11/2024","2,715.00","2,725.00","2,730.00","2,720.00","","-0.18%"
"09/10/2024","2,720.00","2,722.50","2,730.00","2,720.00","","0.00%"
"09/09/2024","2,720.00","2,720.00","2,725.00","2,720.00","","0.18%"
"09/06/2024","2,715.00","2,720.00","2,720.00","2,720.00","","0.00%"
"09/05/2024","2,715.00","2,720.00","2,725.00","2,715.00","","0.00%"
"09/04/2024","2,715.00","2,712.50","2,720.00","2,712.50","","0.00%"
"09/03/2024","2,715.00","2,720.00","2,725.00","2,720.00","","0.00%"
"09/02/2024","2,715.00","2,720.00","2,720.00","2,716.00","","0.00%"
"08/30/2024","2,715.00","2,716.00","2,720.00","2,715.00","","0.37%"
"08/29/2024","2,705.00","2,717.00","2,718.50","2,710.00","","-0.26%"
"08/28/2024","2,712.00","2,717.00","2,718.50","2,712.50","","0.07%"
"08/27/2024","2,710.00","2,712.00","2,715.00","2,710.00","","0.18%"
"08/26/2024","2,705.00","2,710.50","2,710.50","2,705.00","","-0.18%"
"08/23/2024","2,710.00","2,712.50","2,717.00","2,703.50","","-0.07%"
"08/22/2024","2,712.00","2,705.00","2,717.00","2,705.00","","0.44%"
"08/21/2024","2,700.00","2,710.00","2,717.00","2,705.00","","-0.18%"
"08/20/2024","2,705.00","2,710.00","2,710.50","2,705.00","","-0.04%"
"08/19/2024","2,706.00","2,710.50","2,711.50","2,710.00","","0.00%"
"08/16/2024","2,706.00","2,711.00","2,713.50","2,700.00","","0.00%"
"08/15/2024","2,706.00","2,700.00","2,715.00","2,700.00","","0.41%"
"08/14/2024","2,695.00","2,700.00","2,710.50","2,700.00","","-0.37%"
"08/13/2024","2,705.00","2,710.00","2,710.00","2,710.00","","0.00%"
"08/12/2024","2,705.00","2,702.50","2,710.50","2,702.50","","0.37%"
"08/09/2024","2,695.00","2,700.00","2,700.00","2,700.00","","0.01%"
"08/08/2024","2,694.70","2,695.00","2,695.00","2,694.70","","0.17%"
"08/07/2024","2,690.00","2,700.00","2,703.50","2,695.00","","-0.19%"
"08/06/2024","2,695.00","2,700.00","2,700.00","2,700.00","","-0.37%"
"08/05/2024","2,705.00","2,700.00","2,710.00","2,700.00","","0.37%"
"08/02/2024","2,695.00","2,700.00","2,705.00","2,700.00","","0.00%"
"08/01/2024","2,695.00","2,695.00","2,705.00","2,695.00","","0.00%"
"07/31/2024","2,695.00","2,700.00","2,705.00","2,697.50","","-0.19%"
"07/30/2024","2,700.00","2,700.00","2,705.00","2,700.00","","0.19%"
"07/29/2024","2,695.00","2,695.00","2,700.00","2,694.00","","0.00%"
"07/26/2024","2,695.00","2,700.00","2,703.00","2,697.50","","0.37%"
"07/25/2024","2,685.00","2,690.00","2,700.00","2,690.00","","-0.37%"
"07/24/2024","2,695.00","2,685.00","2,700.00","2,685.00","","0.56%"
"07/23/2024","2,680.00","2,685.00","2,690.00","2,685.00","","0.00%"
"07/22/2024","2,680.00","2,685.00","2,685.00","2,685.00","","0.98%"
"07/19/2024","2,653.88","2,685.00","2,685.00","2,653.88","","-0.97%"
"07/18/2024","2,680.00","2,690.00","2,690.00","2,685.00","","1.13%"
"07/17/2024","2,650.00","2,665.00","2,665.00","2,655.00","","-0.19%"
"07/16/2024","2,655.12","2,655.00","2,655.12","2,655.00","","0.19%"
"07/15/2024","2,650.00","1,330.00","2,693.00","2,655.00","","0.00%"
"07/12/2024","2,650.00","2,680.00","2,680.00","2,655.00","","0.00%"
"07/11/2024","2,650.00","2,685.00","2,685.00","2,655.00","","-1.12%"
"07/10/2024","2,680.00","2,655.00","2,685.00","2,655.00","","1.13%"
"07/09/2024","2,650.00","2,655.00","2,655.00","2,655.00","","0.00%"
"07/08/2024","2,650.00","2,655.00","2,655.00","2,655.00","","0.00%"
"07/05/2024","2,650.00","2,655.00","2,655.00","2,655.00","","0.00%"
"07/04/2024","2,650.00","2,685.00","2,685.00","2,645.00","","0.00%"
"07/03/2024","2,650.00","2,645.00","2,655.00","2,645.00","","0.38%"
"07/02/2024","2,640.00","2,689.00","2,689.00","2,635.00","","0.00%"
"07/01/2024","2,640.00","2,635.00","2,645.00","2,635.00","","0.38%"
"06/28/2024","2,630.00","2,687.50","2,690.00","2,635.00","","0.38%"
"06/27/2024","2,620.00","2,610.00","2,625.00","2,610.00","","-0.38%"
"06/26/2024","2,630.00","2,635.00","2,635.00","2,635.00","","0.00%"
"06/25/2024","2,630.00","2,635.00","2,635.00","2,635.00","","0.38%"
"06/24/2024","2,620.00","2,615.00","2,635.00","2,615.00","","0.00%"
"06/21/2024","2,620.00","2,625.00","2,625.00","2,625.00","","0.00%"
"06/20/2024","2,620.00","2,610.00","2,625.00","2,610.00","","0.00%"
"06/19/2024","2,620.00","2,607.50","2,625.00","2,607.50","","0.38%"
"06/18/2024","2,610.00","2,616.00","2,655.00","2,615.00","","0.19%"
"06/17/2024","2,605.00","2,623.01","2,623.01","2,605.00","","0.19%"
"06/14/2024","2,600.00","2,610.00","2,625.00","2,605.00","","-0.42%"
"06/13/2024","2,611.00","2,610.00","2,616.00","2,610.00","","0.04%"
"06/12/2024","2,610.00","2,610.00","2,615.00","2,610.00","","0.00%"
"06/11/2024","2,610.00","2,610.00","2,616.00","2,610.00","","0.00%"
"06/10/2024","2,610.00","2,605.00","2,615.00","2,595.00","","0.00%"
"06/07/2024","2,610.00","2,615.00","2,620.00","2,615.00","","-0.19%"
"06/06/2024","2,615.00","2,600.00","2,620.00","2,600.00","","0.19%"
"06/05/2024","2,610.00","2,605.00","2,615.00","2,600.00","","0.19%"
"06/04/2024","2,605.00","2,605.00","2,610.00","2,605.00","","0.39%"
"06/03/2024","2,595.00","2,605.00","2,605.00","2,600.00","","-0.19%"
"05/31/2024","2,600.00","2,600.00","2,605.00","2,600.00","","0.19%"
"05/30/2024","2,595.00","2,597.50","2,605.00","2,597.50","","0.00%"
"05/29/2024","2,595.00","2,605.00","2,615.00","2,595.00","","-0.19%"
"05/28/2024","2,600.00","2,595.00","2,605.00","2,595.00","","0.00%"
"05/27/2024","2,600.00","2,595.00","2,605.00","2,590.00","","0.27%"
"05/24/2024","2,593.00","2,605.00","2,605.00","2,595.00","","-0.08%"
"05/23/2024","2,595.00","2,600.00","2,600.00","2,600.00","","0.19%"
"05/22/2024","2,590.00","2,605.00","2,605.00","2,595.00","","0.00%"
"05/21/2024","2,590.00","2,595.00","2,600.00","2,587.50","","0.00%"
"05/20/2024","2,590.00","2,590.00","2,597.50","2,587.50","","0.00%"
"05/17/2024","2,590.00","2,590.00","2,595.00","2,590.00","","0.00%"
"05/16/2024","2,590.00","2,595.00","2,600.00","2,590.00","","0.19%"
"05/15/2024","2,585.00","2,590.00","2,595.00","2,590.00","","-0.19%"
"05/14/2024","2,590.00","2,595.00","2,595.00","2,595.00","","0.19%"
"05/13/2024","2,585.00","2,585.00","2,592.13","2,589.25","","0.00%"
"05/10/2024","2,585.00","2,590.00","2,595.00","2,590.00","","-0.39%"
"05/09/2024","2,595.00","2,590.00","2,600.00","2,590.00","","0.19%"
"05/08/2024","2,590.00","2,587.50","2,597.50","2,587.50","","0.39%"
"05/07/2024","2,580.00","2,590.00","2,595.00","2,585.00","","-0.23%"
"05/06/2024","2,586.00","2,590.00","2,595.00","2,585.00","","0.23%"
"05/03/2024","2,580.00","2,594.00","2,595.00","2,585.00","","-0.23%"
"05/02/2024","2,586.00","2,590.50","2,595.00","2,585.00","","0.23%"
"05/01/2024","2,580.00","2,585.00","2,585.00","2,585.00","","0.00%"
"04/30/2024","2,580.00","2,594.00","2,601.00","2,585.00","","-0.19%"
"04/29/2024","2,585.00","2,580.00","2,595.00","2,580.00","","-0.19%"
"04/26/2024","2,590.00","2,590.00","2,590.00","2,590.00","","0.19%"
"04/25/2024","2,585.00","2,586.00","2,590.00","2,580.00","","0.00%"
"04/24/2024","2,585.00","2,585.00","2,597.00","2,585.00","","-0.19%"
"04/23/2024","2,590.00","2,580.00","2,595.00","2,580.00","","0.04%"
"04/22/2024","2,589.00","2,580.00","2,594.00","2,580.00","","0.04%"
"04/19/2024","2,588.00","2,585.00","2,591.50","2,577.50","","0.39%"
"04/18/2024","2,578.00","2,581.50","2,585.00","2,580.00","","-0.08%"
"04/17/2024","2,580.00","1,295.00","2,590.00","2,577.50","","-0.19%"
"04/16/2024","2,585.00","2,585.00","2,590.00","2,575.00","","0.39%"
"04/15/2024","2,575.00","2,580.00","2,585.00","2,576.00","","0.00%"
"04/12/2024","2,575.00","2,580.00","2,585.00","2,575.00","","-0.19%"
"04/11/2024","2,580.00","2,580.00","2,580.00","2,580.00","","0.00%"
"04/10/2024","2,580.00","2,580.00","2,580.00","2,580.00","","0.19%"
"04/09/2024","2,575.00","2,575.00","2,582.00","2,575.00","","0.00%"
"04/08/2024","2,575.00","2,580.00","2,582.00","2,552.00","","0.00%"
"04/05/2024","2,575.00","2,580.00","2,582.00","2,575.00","","0.19%"
"04/04/2024","2,570.00","2,580.00","2,582.00","2,575.00","","-0.27%"
"04/03/2024","2,577.00","2,580.00","2,582.00","2,575.00","","0.00%"
"04/02/2024","2,577.00","2,580.00","2,585.00","2,565.00","","0.47%"
"04/01/2024","2,565.00","2,565.00","2,565.00","2,565.00","","0.20%"
"03/29/2024","2,560.00","2,565.00","2,565.00","2,565.00","","-0.58%"
"03/28/2024","2,575.00","2,565.00","2,580.00","2,552.00","","0.78%"
"03/27/2024","2,555.00","2,555.00","2,575.00","2,550.00","","0.20%"
"03/26/2024","2,550.00","2,552.00","2,563.00","2,550.00","","0.00%"
"03/25/2024","2,550.00","2,554.00","2,555.00","2,545.00","","0.08%"
"03/22/2024","2,548.00","2,555.00","2,555.00","2,545.00","","0.04%"
"03/21/2024","2,547.00","2,552.00","2,555.00","2,550.00","","0.00%"
"03/20/2024","2,547.00","2,552.00","2,555.00","2,550.00","","0.00%"
"03/19/2024","2,547.00","2,552.00","2,557.50","2,550.00","","0.08%"
"03/18/2024","2,545.00","2,550.00","2,555.00","2,550.00","","-0.04%"
"03/15/2024","2,546.00","2,550.00","2,557.00","2,550.00","","0.00%"
"03/14/2024","2,546.00","2,550.00","2,555.00","2,545.00","","0.04%"
"03/13/2024","2,545.00","2,550.00","2,557.00","2,550.00","","0.00%"
"03/12/2024","2,545.00","2,550.00","2,553.00","2,550.00","","0.00%"
"03/11/2024","2,545.00","2,555.00","2,555.00","2,545.00","","0.00%"
"03/08/2024","2,545.00","2,550.00","2,555.00","2,545.00","","0.00%"
"03/07/2024","2,545.00","2,547.50","2,550.00","2,545.00","","0.00%"
"03/06/2024","2,545.00","2,545.00","2,550.00","2,545.00","","0.00%"
"03/05/2024","2,545.00","2,550.00","2,550.50","2,545.00","","0.00%"
"03/04/2024","2,545.00","2,545.00","2,550.50","2,545.00","","0.00%"
"03/01/2024","2,545.00","2,550.00","2,550.00","2,545.00","","0.00%"
"02/29/2024","2,545.00","2,550.00","2,551.00","2,545.00","","0.00%"
"02/28/2024","2,545.00","2,545.00","2,555.50","2,545.00","","0.00%"
"02/27/2024","2,545.00","2,545.00","2,551.00","2,545.00","","0.00%"
"02/26/2024","2,545.00","2,545.00","2,555.00","2,545.00","","0.00%"
"02/23/2024","2,545.00","2,545.00","2,555.00","2,545.00","","0.20%"
"02/22/2024","2,540.00","2,545.00","2,555.00","2,543.00","","0.00%"
"02/21/2024","2,540.00","2,545.00","2,555.00","2,535.00","","0.00%"
"02/20/2024","2,540.00","2,545.00","2,555.00","2,535.00","","-0.20%"
"02/19/2024","2,545.00","2,545.00","2,555.00","2,535.00","","0.20%"
"02/16/2024","2,540.00","2,545.00","2,545.50","2,535.00","","0.00%"
"02/15/2024","2,540.00","2,545.00","2,545.50","2,535.00","","0.40%"
"02/14/2024","2,530.00","2,545.00","2,545.50","2,535.00","","-0.39%"
"02/13/2024","2,540.00","2,545.00","2,545.00","2,535.00","","-0.39%"
"02/12/2024","2,550.00","2,545.00","2,555.00","2,525.00","","1.19%"
"02/09/2024","2,520.00","2,545.00","2,555.00","2,525.00","","-2.29%"
"02/08/2024","2,579.00","2,545.50","2,584.00","2,525.00","","1.54%"
"02/07/2024","2,540.00","2,545.00","2,545.00","2,527.50","","0.00%"
"02/06/2024","2,540.00","2,515.00","2,545.50","2,515.00","","0.79%"
"02/05/2024","2,520.00","2,525.00","2,545.00","2,525.00","","0.00%"
"02/02/2024","2,520.00","2,545.00","2,545.50","2,525.00","","-0.79%"
"02/01/2024","2,540.00","2,545.00","2,550.00","2,540.00","","0.00%"
"01/31/2024","2,540.00","2,545.00","2,545.00","2,512.50","","0.00%"
"01/30/2024","2,540.00","2,545.00","2,545.00","2,515.00","","0.00%"
"01/29/2024","2,540.00","2,525.00","2,560.00","2,525.00","","0.00%"
"01/26/2024","2,540.00","2,545.00","2,572.00","2,512.50","","0.00%"
"01/25/2024","2,540.00","2,525.00","2,550.50","2,515.00","","0.99%"
"01/24/2024","2,515.00","2,520.00","2,526.00","2,515.00","","-0.20%"
"01/23/2024","2,520.00","2,520.00","2,525.00","2,515.00","","0.20%"
"01/22/2024","2,515.00","2,535.50","2,525.00","2,515.00","","0.20%"
"01/19/2024","2,510.00","2,520.00","2,525.00","2,510.00","","0.00%"
"01/18/2024","2,510.00","2,510.00","2,520.50","2,507.50","","-0.40%"
"01/17/2024","2,520.00","2,525.00","2,530.00","2,505.00","","0.40%"
"01/16/2024","2,510.00","2,515.00","2,520.00","2,510.00","","0.16%"
"01/15/2024","2,506.00","2,515.00","2,525.00","2,505.00","","-0.16%"
"01/12/2024","2,510.00","2,515.00","2,515.00","2,515.00","","0.00%"
"01/11/2024","2,510.00","2,515.00","2,515.50","2,509.00","","0.00%"
"01/10/2024","2,510.00","2,515.00","2,515.00","2,505.00","","0.00%"
"01/09/2024","2,510.00","2,525.00","2,525.00","2,505.00","","0.00%"
"01/08/2024","2,510.00","2,515.00","2,520.00","2,507.00","","0.00%"
"01/05/2024","2,510.00","2,515.00","2,517.50","2,509.00","","0.00%"
"01/04/2024","2,510.00","2,515.00","2,518.00","2,505.00","","0.00%"
"01/03/2024","2,510.00","2,515.00","2,517.00","2,505.00","","0.00%"
"01/02/2024","2,510.00","2,515.00","2,522.00","2,502.50","","-0.56%"
"01/01/2024","2,524.10","2,521.82","2,524.10","2,510.00","","0.76%"
"12/29/2023","2,505.00","2,515.00","2,518.00","2,502.50","","-0.32%"
"12/28/2023","2,513.00","2,515.00","2,518.00","2,502.50","","0.04%"
"12/27/2023","2,512.00","2,515.00","2,517.00","2,505.00","","0.08%"
"12/26/2023","2,510.00","2,515.00","2,515.00","2,515.00","","-0.38%"
"12/25/2023","2,519.47","2,517.77","2,520.34","2,517.77","","0.38%"
"12/22/2023","2,510.00","2,515.00","2,516.00","2,505.00","","0.00%"
"12/21/2023","2,510.00","2,515.00","2,515.50","2,505.00","","0.00%"
"12/20/2023","2,510.00","2,510.00","2,520.00","2,502.50","","0.00%"
"12/19/2023","2,510.00","2,515.00","2,517.00","2,505.00","","0.40%"
"12/18/2023","2,500.00","2,505.00","2,515.00","2,502.00","","-0.40%"
"12/15/2023","2,510.00","2,510.00","2,517.00","2,502.50","","0.00%"
"12/14/2023","2,510.00","2,505.00","2,515.00","2,502.50","","0.40%"
"12/13/2023","2,500.00","2,500.00","2,517.00","2,500.00","","0.20%"
"12/12/2023","2,495.00","2,505.00","2,516.00","2,500.00","","-0.20%"
"12/11/2023","2,500.00","2,505.00","2,515.00","2,499.50","","-0.28%"
"12/08/2023","2,507.00","2,505.00","2,512.00","2,500.00","","-0.12%"
"12/07/2023","2,510.00","2,500.00","2,517.50","2,500.00","","0.60%"
"12/06/2023","2,495.00","2,515.00","2,515.00","2,497.00","","0.00%"
"12/05/2023","2,495.00","2,515.00","2,515.00","2,499.50","","-0.60%"
"12/04/2023","2,510.00","2,505.00","2,515.00","2,505.00","","0.00%"
"12/01/2023","2,510.00","2,505.00","2,515.00","2,499.00","","0.40%"
"11/30/2023","2,500.00","2,515.00","2,517.00","2,498.50","","0.00%"
"11/29/2023","2,500.00","2,498.00","2,515.00","2,498.00","","0.00%"
"11/28/2023","2,500.00","2,505.00","2,510.00","2,498.00","","0.00%"
"11/27/2023","2,500.00","2,505.00","2,517.00","2,499.00","","0.08%"
"11/24/2023","2,498.00","2,499.00","2,517.00","2,499.00","","-0.08%"
"11/23/2023","2,500.00","2,514.00","2,515.00","2,498.00","","0.04%"
"11/22/2023","2,499.00","2,498.00","2,505.00","2,498.00","","-0.04%"
"11/21/2023","2,500.00","2,505.00","2,510.00","2,498.00","","0.28%"
"11/20/2023","2,493.00","2,513.00","2,515.00","2,498.00","","0.00%"
"11/17/2023","2,493.00","2,503.00","2,514.00","2,498.00","","-0.28%"
"11/16/2023","2,500.00","2,505.00","2,505.00","2,498.00","","0.00%"
"11/15/2023","2,500.00","2,505.00","2,505.00","2,498.00","","0.00%"
"11/14/2023","2,500.00","2,505.00","2,515.00","2,498.00","","0.00%"
"11/13/2023","2,500.00","2,500.00","2,505.00","2,498.00","","0.20%"
"11/10/2023","2,495.00","2,500.00","2,505.00","2,498.00","","0.08%"
"11/09/2023","2,493.00","2,502.50","2,505.00","2,498.00","","-0.60%"
"11/08/2023","2,508.00","2,505.00","2,513.00","2,498.00","","0.60%"
"11/07/2023","2,493.00","2,500.00","2,505.00","2,497.00","","-0.28%"
"11/06/2023","2,500.00","2,498.00","2,505.00","2,497.00","","0.00%"
"11/03/2023","2,500.00","2,505.00","2,510.00","2,497.50","","0.28%"
"11/02/2023","2,493.00","2,502.50","2,505.00","2,497.00","","0.00%"
"11/01/2023","2,493.00","2,500.00","2,505.00","2,497.00","","-0.08%"
"10/31/2023","2,495.00","2,499.00","2,505.00","2,497.00","","0.04%"
"10/30/2023","2,494.00","2,505.00","2,505.00","2,497.00","","0.00%"
"10/27/2023","2,494.00","2,501.00","2,505.00","2,499.00","","-0.08%"
"10/26/2023","2,496.00","2,501.00","2,505.00","2,498.50","","0.00%"
"10/25/2023","2,496.00","2,501.00","2,505.00","2,497.50","","0.00%"
"10/24/2023","2,496.00","2,501.00","2,505.00","2,498.00","","0.00%"
"10/23/2023","2,496.00","2,501.50","2,507.50","2,498.00","","0.00%"
"10/20/2023","2,496.00","2,501.00","2,510.00","2,497.00","","-0.36%"
"10/19/2023","2,505.00","2,501.00","2,510.00","2,500.00","","0.00%"
"10/18/2023","2,505.00","2,500.00","2,510.00","2,500.00","","0.20%"
"10/17/2023","2,500.00","2,505.00","2,510.00","2,500.00","","0.12%"
"10/16/2023","2,497.00","2,500.00","2,515.00","2,500.00","","-0.12%"
"10/13/2023","2,500.00","2,505.00","2,512.00","2,502.00","","-0.20%"
"10/12/2023","2,505.00","2,511.50","2,516.00","2,503.00","","0.00%"
"10/11/2023","2,505.00","2,509.00","2,515.00","2,500.00","","0.00%"
"10/10/2023","2,505.00","2,505.00","2,512.00","2,505.00","","-0.20%"
"10/09/2023","2,510.00","2,504.50","2,515.00","2,502.50","","0.20%"
"10/06/2023","2,505.00","2,505.00","2,515.00","2,500.00","","0.00%"
"10/05/2023","2,505.00","2,510.00","2,510.00","2,505.00","","0.00%"
"10/04/2023","2,505.00","2,510.00","2,515.00","2,505.00","","0.00%"
"10/03/2023","2,505.00","2,504.50","2,515.00","2,502.50","","0.00%"
"10/02/2023","2,505.00","2,507.50","2,515.00","2,505.00","","0.00%"
"09/29/2023","2,505.00","2,506.00","2,512.00","2,505.00","","0.20%"
"09/28/2023","2,500.00","2,505.00","2,505.00","2,505.00","","-0.20%"
"09/27/2023","2,505.00","2,505.00","2,510.00","2,502.50","","0.20%"
"09/26/2023","2,500.00","2,500.00","2,509.00","2,500.00","","0.00%"
"09/25/2023","2,500.00","2,509.00","2,509.00","2,502.50","","-0.16%"
"09/22/2023","2,504.00","2,500.00","2,515.00","2,500.00","","0.16%"
"09/21/2023","2,500.00","2,505.00","2,506.00","2,505.00","","0.00%"
"09/20/2023","2,500.00","2,505.00","2,510.00","2,504.50","","0.00%"
"09/19/2023","2,500.00","2,505.00","2,508.00","2,505.00","","0.00%"
"09/18/2023","2,500.00","2,505.00","2,505.50","2,425.00","","0.00%"
"09/15/2023","2,500.00","2,505.00","2,505.50","2,504.50","","0.00%"
"09/14/2023","2,500.00","2,505.00","2,505.50","2,505.00","","0.00%"
"09/13/2023","2,500.00","2,505.00","2,505.50","2,505.00","","0.00%"
"09/12/2023","2,500.00","2,505.00","2,505.50","2,505.00","","0.00%"
"09/11/2023","2,500.00","2,505.00","2,506.00","2,497.50","","0.00%"
"09/08/2023","2,500.00","2,505.00","2,505.50","2,504.50","","0.00%"
"09/07/2023","2,500.00","2,505.00","2,505.00","2,505.00","","0.00%"
"09/06/2023","2,500.00","2,505.00","2,505.50","2,500.00","","0.00%"
"09/05/2023","2,500.00","2,505.00","2,505.00","2,505.00","","0.00%"
"09/04/2023","2,500.00","2,505.00","2,505.00","2,505.00","","0.00%"
"09/01/2023","2,500.00","2,505.00","2,505.00","2,496.00","","0.00%"
"08/31/2023","2,500.00","2,505.00","2,505.00","2,497.00","","0.00%"
"08/30/2023","2,500.00","2,500.00","2,505.00","2,495.00","","0.20%"
"08/29/2023","2,495.00","2,505.00","2,505.00","2,495.00","","0.00%"
"08/28/2023","2,495.00","2,505.00","2,505.00","2,495.00","","0.12%"
"08/25/2023","2,492.00","2,505.00","2,505.50","2,495.00","","-0.32%"
"08/24/2023","2,500.00","2,497.00","2,507.50","2,497.00","","0.40%"
"08/23/2023","2,490.00","2,495.00","2,505.00","2,495.00","","-0.40%"
"08/22/2023","2,500.00","2,505.00","2,505.00","2,494.00","","0.00%"
"08/21/2023","2,500.00","2,505.00","2,505.00","2,492.00","","0.00%"
"08/18/2023","2,500.00","2,505.00","2,505.50","2,495.00","","0.00%"
"08/17/2023","2,500.00","2,505.00","2,506.00","2,495.00","","0.40%"
"08/16/2023","2,490.00","2,505.50","2,506.00","2,490.00","","-0.40%"
"08/15/2023","2,500.00","2,505.00","2,505.50","2,495.00","","0.60%"
"08/14/2023","2,485.00","2,505.00","2,511.00","2,487.50","","-0.40%"
"08/11/2023","2,495.00","2,505.00","2,505.00","2,495.00","","-0.20%"
"08/10/2023","2,500.00","2,505.00","2,505.50","2,482.50","","0.20%"
"08/09/2023","2,495.00","2,470.00","2,505.00","2,470.00","","0.83%"
"08/08/2023","2,474.40","2,475.00","2,475.00","2,474.40","","0.18%"
"08/07/2023","2,470.00","2,495.00","2,506.00","2,470.00","","-0.40%"
"08/04/2023","2,480.00","2,495.00","2,505.00","2,485.00","","0.40%"
"08/03/2023","2,470.00","2,495.00","2,495.50","2,462.50","","0.82%"
"08/02/2023","2,450.00","2,460.00","2,495.00","2,455.00","","0.00%"
"08/01/2023","2,450.00","2,460.00","2,480.00","2,450.00","","0.00%"
"07/31/2023","2,450.00","2,450.00","2,465.00","2,449.00","","0.00%"
"07/28/2023","2,450.00","2,455.00","2,465.00","2,450.00","","0.00%"
"07/27/2023","2,450.00","2,451.00","2,465.00","2,445.00","","0.00%"
"07/26/2023","2,450.00","2,451.00","2,465.00","2,445.00","","0.41%"
"07/25/2023","2,440.00","2,445.00","2,455.00","2,445.00","","-0.41%"
"07/24/2023","2,450.00","2,445.00","2,455.00","2,445.00","","0.41%"
"07/21/2023","2,440.00","2,445.00","2,455.00","2,445.00","","0.00%"
"07/20/2023","2,440.00","2,445.00","2,455.00","2,445.00","","0.00%"
"07/19/2023","2,440.00","2,445.50","2,455.00","2,443.00","","0.00%"
"07/18/2023","2,440.00","2,435.00","2,451.00","2,435.00","","0.41%"
"07/17/2023","2,430.00","2,435.00","2,451.00","2,435.00","","-0.45%"
"07/14/2023","2,441.00","2,445.00","2,452.50","2,435.00","","0.04%"
"07/13/2023","2,440.00","2,445.00","2,455.00","2,445.00","","0.00%"
"07/12/2023","2,440.00","2,445.00","2,455.00","2,435.00","","0.00%"
"07/11/2023","2,440.00","2,445.00","2,450.00","2,435.00","","0.00%"
"07/10/2023","2,440.00","2,435.00","2,445.50","2,425.00","","-0.04%"
"07/07/2023","2,441.00","2,445.50","2,446.00","2,445.50","","0.04%"
"07/06/2023","2,440.00","2,423.00","2,458.00","2,415.00","","0.83%"
"07/05/2023","2,420.00","2,423.00","2,436.00","2,415.00","","0.21%"
"07/04/2023","2,415.00","2,424.00","2,436.00","2,415.00","","-0.12%"
"07/03/2023","2,418.00","2,423.00","2,425.00","2,409.50","","0.33%"
"06/30/2023","2,410.00","2,413.00","2,422.00","2,407.00","","0.00%"
"06/29/2023","2,410.00","2,415.00","2,415.00","2,415.00","","0.00%"
"06/28/2023","2,410.00","2,405.00","2,420.00","2,400.00","","0.42%"
"06/27/2023","2,400.00","2,400.00","2,415.00","2,400.00","","0.00%"
"06/26/2023","2,400.00","2,400.00","2,408.00","2,397.50","","0.00%"
"06/23/2023","2,400.00","2,398.00","2,405.00","2,395.00","","0.29%"
"06/22/2023","2,393.00","2,398.00","2,405.00","2,395.00","","0.00%"
"06/21/2023","2,393.00","2,388.00","2,403.00","2,388.00","","0.34%"
"06/20/2023","2,385.00","2,390.00","2,399.00","2,380.00","","0.00%"
"06/19/2023","2,385.00","2,375.00","2,395.00","2,375.00","","0.00%"
"06/16/2023","2,385.00","2,390.00","2,395.00","2,383.50","","0.08%"
"06/15/2023","2,383.00","2,385.00","2,392.00","2,377.50","","0.04%"
"06/14/2023","2,382.00","2,377.00","2,395.00","2,375.00","","0.42%"
"06/13/2023","2,372.00","2,375.00","2,387.00","2,372.50","","-0.08%"
"06/12/2023","2,374.00","2,375.00","2,385.00","2,365.50","","0.08%"
"06/09/2023","2,372.00","2,375.00","2,379.00","2,365.00","","0.00%"
"06/08/2023","2,372.00","2,371.00","2,380.00","2,365.00","","0.25%"
"06/07/2023","2,366.00","2,370.50","2,375.00","2,365.00","","0.04%"
"06/06/2023","2,365.00","2,370.00","2,373.00","2,365.00","","0.00%"
"06/05/2023","2,365.00","2,368.00","2,373.00","2,346.00","","0.08%"
"06/02/2023","2,363.00","2,365.00","2,370.00","2,364.00","","0.13%"
"06/01/2023","2,360.00","2,365.00","2,368.00","2,356.00","","0.00%"
"05/31/2023","2,360.00","2,364.00","2,365.50","2,361.00","","0.00%"
"05/30/2023","2,360.00","2,361.00","2,365.50","2,360.00","","0.00%"
"05/29/2023","2,360.00","2,361.00","2,365.50","2,355.00","","0.00%"
"05/26/2023","2,360.00","2,365.00","2,365.50","2,353.00","","0.00%"
"05/25/2023","2,360.00","2,360.00","2,365.50","2,357.50","","0.00%"
"05/24/2023","2,360.00","2,332.00","2,365.50","2,332.00","","1.42%"
"05/23/2023","2,327.00","2,355.00","2,365.00","2,332.00","","-1.31%"
"05/22/2023","2,358.00","2,360.00","2,365.00","2,355.00","","0.21%"
"05/19/2023","2,353.00","2,357.00","2,363.00","2,354.50","","-0.08%"
"05/18/2023","2,355.00","2,355.00","2,363.00","2,354.50","","0.00%"
"05/17/2023","2,355.00","2,355.00","2,362.00","2,354.50","","0.04%"
"05/16/2023","2,354.00","2,355.00","2,360.00","2,346.00","","0.04%"
"05/15/2023","2,353.00","2,349.00","2,359.00","2,349.00","","0.04%"
"05/12/2023","2,352.00","2,349.00","2,358.00","2,349.00","","0.00%"
"05/11/2023","2,352.00","2,357.00","2,358.00","2,347.00","","0.04%"
"05/10/2023","2,351.00","2,356.50","2,358.00","2,347.00","","0.00%"
"05/09/2023","2,351.00","2,349.00","2,358.00","2,349.00","","0.04%"
"05/08/2023","2,350.00","2,347.00","2,357.00","2,347.00","","0.00%"
"05/05/2023","2,350.00","2,347.00","2,358.00","2,347.00","","0.00%"
"05/04/2023","2,350.00","2,347.00","2,356.00","2,347.00","","0.00%"
"05/03/2023","2,350.00","2,349.00","2,355.00","2,345.00","","0.00%"
"05/02/2023","2,350.00","2,350.00","2,356.00","2,344.00","","0.17%"
"05/01/2023","2,346.00","2,350.00","2,351.00","2,350.00","","0.04%"
"04/28/2023","2,345.00","2,349.00","2,355.00","2,346.50","","-0.04%"
"04/27/2023","2,346.00","2,349.00","2,353.00","2,345.00","","0.04%"
"04/26/2023","2,345.00","2,350.50","2,350.50","2,350.00","","-0.04%"
"04/25/2023","2,346.00","2,345.00","2,356.00","2,340.00","","0.00%"
"04/24/2023","2,346.00","2,348.00","2,351.00","2,341.00","","0.00%"
"04/21/2023","2,346.00","2,345.00","2,356.00","2,345.00","","0.00%"
"04/20/2023","2,346.00","2,348.00","2,355.00","2,340.00","","0.21%"
"04/19/2023","2,341.00","2,345.00","2,355.00","2,340.00","","0.00%"
"04/18/2023","2,341.00","2,348.00","2,348.00","2,340.00","","-0.09%"
"04/17/2023","2,343.00","2,345.00","2,348.00","2,342.50","","0.09%"
"04/14/2023","2,341.00","2,345.00","2,346.50","2,339.50","","0.00%"
"04/13/2023","2,341.00","2,344.00","2,355.00","2,339.50","","0.09%"
"04/12/2023","2,339.00","2,332.00","2,345.00","2,332.00","","0.13%"
"04/11/2023","2,336.00","2,340.00","2,349.00","2,340.00","","0.00%"
"04/10/2023","2,336.00","2,341.00","2,341.00","2,341.00","","0.00%"
"04/06/2023","2,336.00","2,332.00","2,344.00","2,332.00","","0.04%"
"04/05/2023","2,335.00","2,340.00","2,345.00","2,334.00","","0.00%"
"04/04/2023","2,335.00","2,332.00","2,345.00","2,332.00","","0.00%"
"04/03/2023","2,335.00","2,332.00","2,341.00","2,332.00","","0.00%"
"03/31/2023","2,335.00","2,332.00","2,340.00","2,332.00","","0.00%"
"03/30/2023","2,335.00","2,332.00","2,341.00","2,332.00","","-0.04%"
"03/29/2023","2,336.00","2,332.00","2,341.00","2,332.00","","0.04%"
"03/28/2023","2,335.00","2,332.00","2,341.00","2,332.00","","0.00%"
"03/27/2023","2,335.00","2,332.00","2,340.00","2,332.00","","0.00%"
"03/24/2023","2,335.00","2,332.00","2,341.00","2,332.00","","0.00%"
"03/23/2023","2,335.00","2,332.00","2,341.00","2,332.00","","0.00%"
"03/22/2023","2,335.00","2,340.00","2,340.50","2,332.00","","0.00%"
"03/21/2023","2,335.00","2,332.00","2,340.00","2,332.00","","0.00%"
"03/20/2023","2,335.00","2,332.00","2,340.50","2,332.00","","0.00%"
"03/17/2023","2,335.00","2,332.00","2,341.00","2,332.00","","0.00%"
"03/16/2023","2,335.00","2,332.00","2,340.50","2,332.00","","0.00%"
"03/15/2023","2,335.00","2,332.00","2,341.00","2,332.00","","0.00%"
"03/14/2023","2,335.00","2,332.00","2,341.00","2,332.00","","0.00%"
"03/13/2023","2,335.00","2,332.00","2,341.00","2,332.00","","-0.04%"
"03/10/2023","2,336.00","2,332.00","2,341.00","2,332.00","","0.04%"
"03/09/2023","2,335.00","2,332.00","2,341.00","2,332.00","","-0.04%"
"03/08/2023","2,336.00","2,332.00","2,341.00","2,332.00","","0.09%"
"03/07/2023","2,334.00","2,332.00","2,341.00","2,332.00","","-0.04%"
"03/06/2023","2,335.00","2,332.00","2,341.00","2,332.00","","0.00%"
"03/03/2023","2,335.00","2,332.00","2,345.00","2,332.00","","-0.04%"
"03/02/2023","2,336.00","2,340.50","2,341.00","2,332.00","","0.09%"
"03/01/2023","2,334.00","2,332.00","2,340.50","2,332.00","","-0.04%"
"02/28/2023","2,335.00","2,332.00","2,340.00","2,332.00","","0.00%"
"02/27/2023","2,335.00","2,332.00","2,340.00","2,332.00","","0.04%"
"02/24/2023","2,334.00","2,332.00","2,340.50","2,332.00","","0.00%"
"02/23/2023","2,334.00","2,332.00","2,340.00","2,332.00","","0.00%"
"02/22/2023","2,334.00","2,332.00","2,339.00","2,332.00","","0.00%"
"02/21/2023","2,334.00","2,332.00","2,340.00","2,332.00","","0.00%"
"02/20/2023","2,334.00","2,332.00","2,340.00","2,332.00","","-0.04%"
"02/17/2023","2,335.00","2,339.00","2,340.00","2,332.00","","0.04%"
"02/16/2023","2,334.00","2,339.00","2,340.00","2,332.00","","0.00%"
"02/15/2023","2,334.00","2,332.00","2,340.00","2,332.00","","0.00%"
"02/14/2023","2,334.00","2,332.00","2,339.00","2,332.00","","0.00%"
"02/13/2023","2,334.00","2,332.00","2,339.00","2,332.00","","0.00%"
"02/10/2023","2,334.00","2,332.00","2,339.00","2,332.00","","0.00%"
"02/09/2023","2,334.00","2,332.00","2,340.00","2,332.00","","-0.04%"
"02/08/2023","2,335.00","2,332.00","2,340.00","2,332.00","","0.04%"
"02/07/2023","2,334.00","2,332.00","2,340.00","2,332.00","","-0.04%"
"02/06/2023","2,335.00","2,332.00","2,341.50","2,332.00","","0.04%"
"02/03/2023","2,334.00","2,332.00","2,339.00","2,332.00","","0.00%"
"02/02/2023","2,334.00","2,332.00","2,339.00","2,332.00","","0.00%"
"02/01/2023","2,334.00","2,332.00","2,339.00","2,332.00","","0.00%"
"01/31/2023","2,334.00","2,332.00","2,339.50","2,332.00","","0.04%"
"01/30/2023","2,333.00","2,332.00","2,339.50","2,332.00","","0.00%"
"01/27/2023","2,333.00","2,332.00","2,339.50","2,332.00","","-0.04%"
"01/26/2023","2,334.00","2,332.00","2,339.00","2,332.00","","0.09%"
"01/25/2023","2,332.00","2,332.00","2,339.00","2,332.00","","-0.09%"
"01/24/2023","2,334.00","2,332.00","2,339.00","2,332.00","0.03K","0.00%"
"01/23/2023","2,334.00","2,332.00","2,339.00","2,332.00","0.05K","0.17%"
"01/20/2023","2,330.00","2,332.00","2,339.00","2,332.00","0.03K","0.00%"
"01/19/2023","2,330.00","2,332.00","2,338.00","2,332.00","0.03K","-0.09%"
"01/18/2023","2,332.00","2,332.00","2,337.00","2,332.00","0.03K","0.00%"
"01/17/2023","2,332.00","2,332.00","2,339.00","2,332.00","0.01K","0.04%"
"01/16/2023","2,331.00","2,332.00","2,337.00","2,332.00","0.05K","0.04%"
"01/13/2023","2,330.00","2,332.00","2,337.00","2,332.00","0.03K","-0.09%"
"01/12/2023","2,332.00","2,332.00","2,337.00","2,332.00","0.01K","0.00%"
"01/11/2023","2,332.00","2,332.00","2,337.50","2,332.00","0.02K","0.00%"
"01/10/2023","2,332.00","2,332.00","2,337.50","2,332.00","0.04K","0.09%"
"01/09/2023","2,330.00","2,332.00","2,337.00","2,332.00","0.06K","-0.09%"
"01/06/2023","2,332.00","2,332.00","2,337.00","2,332.00","0.03K","0.13%"
"01/05/2023","2,329.00","2,332.00","2,334.00","2,332.00","0.03K","0.00%"
"01/04/2023","2,329.00","2,332.00","2,334.00","2,332.00","0.02K","0.00%"
"01/03/2023","2,329.00","2,332.00","2,337.00","2,332.00","0.02K","0.00%"
"01/02/2023","2,329.00","2,332.00","2,334.00","2,332.00","0.02K","0.09%"
"12/30/2022","2,327.00","2,332.00","2,335.00","2,332.00","0.02K","0.00%"
"12/29/2022","2,327.00","2,332.00","2,334.00","2,332.00","0.02K","-0.09%"
"12/28/2022","2,329.00","2,332.00","2,334.00","2,332.00","0.02K","0.09%"
"12/27/2022","2,327.00","2,332.00","2,334.00","2,332.00","0.02K","0.00%"
"12/26/2022","2,327.00","2,332.00","2,334.00","2,332.00","0.01K","-0.09%"
"12/23/2022","2,329.00","2,333.50","2,334.00","2,332.00","0.07K","0.04%"
"12/22/2022","2,328.00","2,332.00","2,334.00","2,332.00","0.06K","0.00%"
"12/21/2022","2,328.00","2,332.00","2,334.00","2,329.50","0.03K","-0.04%"
"12/20/2022","2,329.00","2,332.00","2,334.00","2,332.00","0.02K","0.09%"
"12/19/2022","2,327.00","2,332.00","2,334.00","2,332.00","0.01K","0.00%"
"12/16/2022","2,327.00","2,332.00","2,334.00","2,332.00","0.02K","-0.09%"
"12/15/2022","2,329.00","2,332.00","2,334.00","2,332.00","0.02K","0.09%"
"12/14/2022","2,327.00","2,332.00","2,334.00","2,332.00","0.03K","0.00%"
"12/13/2022","2,327.00","2,334.00","2,335.00","2,332.00","0.03K","-0.09%"
"12/12/2022","2,329.00","2,332.00","2,334.00","2,332.00","0.02K","0.00%"
"12/09/2022","2,329.00","2,332.00","2,334.00","2,332.00","0.01K","0.00%"
"12/08/2022","2,329.00","2,332.00","2,334.00","2,328.00","0.02K","0.04%"
"12/07/2022","2,328.00","2,332.00","2,334.00","2,332.00","0.02K","-0.04%"
"12/06/2022","2,329.00","2,332.00","2,334.00","2,332.00","0.02K","0.00%"
"12/05/2022","2,329.00","2,332.00","2,334.00","2,332.00","0.03K","0.09%"
"12/02/2022","2,327.00","2,332.00","2,334.00","2,332.00","0.03K","-0.09%"
"12/01/2022","2,329.00","2,332.00","2,334.00","2,332.00","0.03K","0.09%"
"11/30/2022","2,327.00","2,332.00","2,334.00","2,332.00","0.04K","-0.09%"
"11/29/2022","2,329.00","2,332.00","2,334.00","2,330.00","0.05K","0.17%"
"11/28/2022","2,325.00","2,332.00","2,334.00","2,330.00","0.05K","-0.09%"
"11/25/2022","2,327.00","2,327.00","2,329.00","2,326.00","0.03K","0.00%"
"11/24/2022","2,327.00","2,327.00","2,329.00","2,327.00","0.04K","0.00%"
"11/23/2022","2,327.00","2,327.00","2,329.00","2,326.00","0.03K","-0.09%"
"11/22/2022","2,329.00","2,329.00","2,329.00","2,326.00","0.02K","0.00%"
"11/21/2022","2,329.00","2,327.00","2,329.00","2,326.00","0.05K","0.09%"
"11/18/2022","2,327.00","2,327.00","2,329.00","2,325.00","0.04K","0.00%"
"11/17/2022","2,327.00","2,327.00","2,327.00","2,325.00","0.02K","0.09%"
"11/16/2022","2,325.00","2,327.00","2,327.00","2,325.00","0.04K","-0.09%"
"11/15/2022","2,327.00","2,327.00","2,327.00","2,325.00","0.02K","0.09%"
"11/14/2022","2,325.00","2,327.00","2,327.00","2,325.00","0.03K","-0.09%"
"11/11/2022","2,327.00","2,327.00","2,329.00","2,326.00","0.01K","0.00%"
"11/10/2022","2,327.00","2,327.00","2,327.00","2,325.00","0.02K","0.00%"
"11/09/2022","2,327.00","2,327.00","2,330.00","2,326.00","0.02K","0.09%"
"11/08/2022","2,325.00","2,327.00","2,327.00","2,325.00","0.03K","-0.09%"
"11/07/2022","2,327.00","2,327.00","2,327.00","2,326.00","0.01K","0.00%"
"11/04/2022","2,327.00","2,327.00","2,327.00","2,326.00","0.01K","0.00%"
"11/03/2022","2,327.00","2,327.00","2,328.00","2,326.00","0.02K","0.00%"
"11/02/2022","2,327.00","2,327.00","2,327.00","2,326.00","0.02K","0.09%"
"11/01/2022","2,325.00","2,327.00","2,327.00","2,325.00","0.02K","-0.09%"
"10/31/2022","2,327.00","2,327.00","2,330.00","2,325.00","0.03K","0.00%"
"10/28/2022","2,327.00","2,327.00","2,327.00","2,327.00","","0.00%"
"10/27/2022","2,327.00","2,329.00","2,330.00","2,326.00","0.02K","0.00%"
"10/26/2022","2,327.00","2,327.00","2,327.00","2,327.00","","0.00%"
"10/25/2022","2,327.00","2,327.00","2,327.00","2,326.00","0.02K","0.00%"
"10/24/2022","2,327.00","2,327.00","2,328.00","2,325.00","0.02K","0.09%"
"10/21/2022","2,325.00","2,327.00","2,327.00","2,325.00","0.02K","0.00%"
"10/20/2022","2,325.00","2,327.00","2,327.00","2,325.00","0.02K","-0.09%"
"10/19/2022","2,327.00","2,327.00","2,327.00","2,326.00","0.02K","0.00%"
"10/18/2022","2,327.00","2,327.00","2,327.00","2,326.00","0.02K","0.00%"
"10/17/2022","2,327.00","2,327.00","2,327.00","2,320.00","0.08K","0.00%"
"10/14/2022","2,327.00","2,327.00","2,327.00","2,327.00","","0.00%"
"10/13/2022","2,327.00","2,327.00","2,327.00","2,325.00","0.02K","0.09%"
"10/12/2022","2,325.00","2,327.00","2,328.00","2,325.00","0.02K","-0.09%"
"10/11/2022","2,327.00","2,327.00","2,327.00","2,325.00","0.02K","0.09%"
"10/10/2022","2,325.00","2,327.00","2,327.00","2,325.00","0.07K","-0.09%"
"10/07/2022","2,327.00","2,327.00","2,328.00","2,326.00","0.01K","0.00%"
"10/06/2022","2,327.00","2,327.00","2,329.00","2,326.00","0.02K","0.00%"
"10/05/2022","2,327.00","2,327.00","2,327.00","2,325.00","0.02K","0.09%"
"10/04/2022","2,325.00","2,327.00","2,327.00","2,325.00","0.02K","-0.09%"
"10/03/2022","2,327.00","2,327.00","2,328.00","2,326.00","0.02K","0.09%"
"09/30/2022","2,325.00","2,326.00","2,328.00","2,325.00","0.02K","-0.09%"
"09/29/2022","2,327.00","2,326.00","2,328.00","2,325.00","0.02K","0.09%"
"09/28/2022","2,325.00","2,326.00","2,327.00","2,325.00","0.02K","0.00%"
"09/27/2022","2,325.00","2,327.00","2,327.00","2,325.00","0.02K","-0.09%"
"09/26/2022","2,327.00","2,326.00","2,328.00","2,326.00","0.03K","0.09%"
"09/23/2022","2,325.00","2,327.00","2,327.00","2,325.00","0.02K","-0.09%"
"09/22/2022","2,327.00","2,327.00","2,327.00","2,325.00","0.02K","0.00%"
"09/21/2022","2,327.00","2,327.00","2,327.00","2,326.00","0.00K","0.00%"
"09/20/2022","2,327.00","2,327.00","2,328.00","2,327.00","0.01K","0.00%"
"09/19/2022","2,327.00","2,327.00","2,327.00","2,326.00","0.02K","0.00%"
"09/16/2022","2,327.00","2,327.00","2,327.00","2,326.00","0.02K","0.00%"
"09/15/2022","2,327.00","2,325.00","2,327.00","2,325.00","0.01K","0.09%"
"09/14/2022","2,325.00","2,327.00","2,328.00","2,325.00","0.02K","-0.09%"
"09/13/2022","2,327.00","2,327.00","2,327.00","2,325.00","0.02K","0.09%"
"09/12/2022","2,325.00","2,327.00","2,328.00","2,325.00","0.03K","-0.09%"
"09/09/2022","2,327.00","2,327.00","2,327.00","2,326.00","0.02K","0.00%"
"09/08/2022","2,327.00","2,327.00","2,327.00","2,326.00","0.01K","0.00%"
"09/07/2022","2,327.00","2,327.00","2,327.00","2,326.00","0.02K","0.04%"
"09/06/2022","2,326.00","2,327.00","2,328.00","2,326.00","0.02K","-0.04%"
"09/05/2022","2,327.00","2,327.00","2,329.00","2,326.00","0.02K","0.09%"
"09/02/2022","2,325.00","2,327.00","2,327.00","2,321.00","0.02K","-0.09%"
"09/01/2022","2,327.00","2,326.00","2,327.00","2,326.00","0.02K","0.09%"
"08/31/2022","2,325.00","2,327.00","2,327.00","2,325.00","0.02K","-0.09%"
"08/30/2022","2,327.00","2,327.00","2,327.00","2,321.00","0.01K","0.09%"
"08/29/2022","2,325.00","2,327.00","2,327.00","2,325.00","0.02K","-0.09%"
"08/26/2022","2,327.00","2,327.00","2,328.00","2,326.00","0.02K","0.09%"
"08/25/2022","2,325.00","2,326.00","2,329.00","2,320.00","0.04K","-0.09%"
"08/24/2022","2,327.00","2,327.00","2,327.00","2,326.00","0.01K","0.00%"
"08/23/2022","2,327.00","2,327.00","2,327.00","2,327.00","","0.00%"
"08/22/2022","2,327.00","2,327.00","2,327.00","2,326.00","0.02K","0.04%"
"08/19/2022","2,326.00","2,327.00","2,335.00","2,326.00","0.02K","-0.04%"
"08/18/2022","2,327.00","2,327.00","2,327.00","2,326.00","0.01K","0.09%"
"08/17/2022","2,325.00","2,326.00","2,327.00","2,325.00","0.02K","-0.09%"
"08/16/2022","2,327.00","2,327.00","2,329.00","2,318.00","0.02K","-0.09%"
"08/15/2022","2,329.00","2,326.00","2,329.00","2,326.00","0.02K","0.09%"
"08/12/2022","2,327.00","2,327.00","2,328.00","2,326.00","0.03K","-0.04%"
"08/11/2022","2,328.00","2,327.00","2,328.00","2,326.00","0.02K","0.04%"
"08/10/2022","2,327.00","2,326.00","2,328.00","2,326.00","0.03K","0.00%"
"08/09/2022","2,327.00","2,327.00","2,328.00","2,326.00","0.04K","0.00%"
"08/08/2022","2,327.00","2,328.00","2,328.00","2,327.00","0.00K","-0.04%"
"08/05/2022","2,328.00","2,325.00","2,328.00","2,325.00","0.04K","0.04%"
"08/04/2022","2,327.00","2,327.00","2,329.00","2,326.00","0.01K","0.00%"
"08/03/2022","2,327.00","2,327.00","2,329.00","2,326.00","0.03K","0.00%"
"08/02/2022","2,327.00","2,327.00","2,329.00","2,326.00","0.03K","0.09%"
"08/01/2022","2,325.00","2,327.00","2,332.00","2,325.00","0.03K","0.00%"
"07/29/2022","2,325.00","2,327.00","2,328.00","2,325.00","0.02K","-0.09%"
"07/28/2022","2,327.00","2,326.00","2,327.00","2,326.00","0.02K","0.00%"
"07/27/2022","2,327.00","2,327.00","2,328.00","2,326.00","0.02K","0.00%"
"07/26/2022","2,327.00","2,326.00","2,327.00","2,326.00","0.04K","0.00%"
"07/25/2022","2,327.00","2,326.00","2,328.00","2,326.00","0.02K","0.00%"
"07/22/2022","2,327.00","2,327.00","2,329.00","2,326.00","0.02K","0.00%"
"07/21/2022","2,327.00","2,326.00","2,328.00","2,318.00","0.02K","0.00%"
"07/20/2022","2,327.00","2,329.00","2,329.00","2,326.00","0.04K","0.00%"
"07/19/2022","2,327.00","2,327.00","2,330.00","2,326.00","0.04K","0.00%"
"07/18/2022","2,327.00","2,327.00","2,327.00","2,326.00","0.02K","0.00%"
"07/15/2022","2,327.00","2,327.00","2,328.00","2,325.00","0.07K","0.00%"
"07/14/2022","2,327.00","2,327.00","2,328.00","2,326.00","0.02K","0.00%"
"07/13/2022","2,327.00","2,326.00","2,328.00","2,326.00","0.03K","0.00%"
"07/12/2022","2,327.00","2,327.00","2,328.00","2,326.00","0.07K","0.00%"
"07/11/2022","2,327.00","2,326.00","2,327.00","2,320.00","0.04K","-0.04%"
"07/08/2022","2,328.00","2,326.00","2,328.00","2,326.00","0.02K","0.04%"
"07/07/2022","2,327.00","2,327.00","2,327.00","2,327.00","","0.00%"
"07/06/2022","2,327.00","2,327.00","2,327.00","2,326.00","0.03K","0.00%"
"07/05/2022","2,327.00","2,327.00","2,327.00","2,326.00","0.02K","-0.04%"
"07/04/2022","2,328.00","2,326.00","2,328.00","2,326.00","0.03K","0.04%"
"07/01/2022","2,327.00","2,327.00","2,328.00","2,321.00","0.03K","0.00%"
"06/30/2022","2,327.00","2,327.00","2,327.00","2,326.00","0.02K","-0.04%"
"06/29/2022","2,328.00","2,327.00","2,328.00","2,325.00","0.06K","0.04%"
"06/28/2022","2,327.00","2,328.00","2,328.00","2,325.00","0.09K","0.00%"
"06/27/2022","2,327.00","2,328.00","2,329.00","2,325.00","0.06K","-0.04%"
"06/24/2022","2,328.00","2,326.00","2,328.00","2,325.00","0.05K","0.00%"
"06/23/2022","2,328.00","2,332.50","2,333.00","2,330.00","0.04K","0.00%"
"06/22/2022","2,328.00","2,332.50","2,336.50","2,322.00","0.08K","0.00%"
"06/21/2022","2,328.00","2,330.00","2,333.00","2,325.00","0.07K","0.09%"
"06/20/2022","2,326.00","2,330.00","2,333.00","2,325.00","0.04K","-0.04%"
"06/17/2022","2,327.00","2,328.00","2,335.00","2,328.00","0.05K","0.00%"
"06/16/2022","2,327.00","2,326.00","2,332.00","2,326.00","0.04K","0.04%"
"06/15/2022","2,326.00","2,330.00","2,332.00","2,326.00","0.03K","0.04%"
"06/14/2022","2,325.00","2,328.00","2,332.00","2,326.00","0.03K","-0.04%"
"06/13/2022","2,326.00","2,328.00","2,331.00","2,326.00","0.04K","0.00%"
"06/10/2022","2,326.00","2,328.00","2,331.00","2,319.00","0.06K","0.00%"
"06/09/2022","2,326.00","2,330.50","2,331.00","2,324.00","0.04K","0.09%"
"06/08/2022","2,324.00","2,328.00","2,331.00","2,320.00","0.04K","-0.04%"
"06/07/2022","2,325.00","2,327.00","2,331.50","2,322.00","0.07K","0.04%"
"06/06/2022","2,324.00","2,327.00","2,332.00","2,325.00","0.05K","0.04%"
"06/03/2022","2,323.00","2,328.50","2,330.00","2,325.50","0.04K","-0.04%"
"06/02/2022","2,324.00","2,327.00","2,330.00","2,325.00","0.04K","0.00%"
"06/01/2022","2,324.00","2,328.00","2,330.00","2,322.00","0.10K","0.04%"
"05/31/2022","2,323.00","2,327.00","2,330.00","2,325.00","0.04K","0.04%"
"05/30/2022","2,322.00","2,326.50","2,327.00","2,325.00","0.02K","0.00%"
"05/27/2022","2,322.00","2,326.00","2,328.00","2,325.00","0.04K","0.00%"
"05/26/2022","2,322.00","2,326.00","2,328.00","2,322.00","0.03K","0.00%"
"05/25/2022","2,322.00","2,326.00","2,327.00","2,322.00","0.03K","0.00%"
"05/24/2022","2,322.00","2,326.00","2,328.00","2,322.00","0.03K","0.04%"
"05/23/2022","2,321.00","2,326.00","2,327.00","2,322.00","0.03K","0.00%"
"05/20/2022","2,321.00","2,326.00","2,327.00","2,325.00","0.02K","0.00%"
"05/19/2022","2,321.00","2,326.00","2,327.00","2,322.00","0.04K","0.04%"
"05/18/2022","2,320.00","2,325.00","2,328.00","2,322.00","0.05K","-0.04%"
"05/17/2022","2,321.00","2,325.00","2,326.00","2,324.50","0.03K","0.00%"
"05/16/2022","2,321.00","2,325.00","2,326.00","2,322.00","0.03K","0.04%"
"05/13/2022","2,320.00","2,324.50","2,326.00","2,324.00","0.03K","0.00%"
"05/12/2022","2,320.00","2,325.00","2,326.00","2,322.00","0.02K","0.00%"
"05/11/2022","2,320.00","2,325.00","2,326.00","2,322.00","0.04K","0.00%"
"05/10/2022","2,320.00","2,325.00","2,325.50","2,318.50","0.02K","0.00%"
"05/09/2022","2,320.00","2,325.00","2,330.00","2,322.00","0.05K","0.00%"
"05/06/2022","2,320.00","2,324.00","2,325.50","2,324.00","0.03K","0.00%"
"05/05/2022","2,320.00","2,325.00","2,329.00","2,322.00","0.04K","0.00%"
"05/04/2022","2,320.00","2,325.00","2,325.00","2,325.00","","0.00%"
"05/03/2022","2,320.00","2,325.00","2,325.00","2,325.00","","0.00%"
"05/02/2022","2,320.00","2,322.00","2,325.50","2,322.00","0.02K","0.00%"
"04/29/2022","2,320.00","2,324.00","2,325.50","2,322.00","0.03K","0.04%"
"04/28/2022","2,319.00","2,323.00","2,332.00","2,315.00","0.06K","-0.04%"
"04/27/2022","2,320.00","2,322.00","2,325.00","2,321.50","0.04K","0.04%"
"04/26/2022","2,319.00","2,324.00","2,324.00","2,324.00","","0.00%"
"04/25/2022","2,319.00","2,322.00","2,325.00","2,321.50","0.06K","0.09%"
"04/22/2022","2,317.00","2,322.00","2,326.00","2,321.50","0.06K","0.00%"
"04/21/2022","2,317.00","2,322.00","2,326.00","2,321.00","0.03K","0.00%"
"04/20/2022","2,317.00","2,322.00","2,328.00","2,321.50","0.03K","0.00%"
"04/19/2022","2,317.00","2,322.00","2,324.00","2,321.00","0.03K","0.00%"
"04/18/2022","2,317.00","2,322.00","2,322.00","2,322.00","","0.00%"
"04/15/2022","2,317.00","2,322.00","2,322.00","2,322.00","","0.00%"
"04/14/2022","2,317.00","2,322.00","2,325.00","2,321.50","0.02K","0.00%"
"04/13/2022","2,317.00","2,322.00","2,322.50","2,321.00","0.02K","0.00%"
"04/12/2022","2,317.00","2,322.00","2,322.50","2,316.00","0.03K","0.00%"
"04/11/2022","2,317.00","2,322.00","2,324.00","2,316.00","0.04K","0.00%"
"04/08/2022","2,317.00","2,321.00","2,327.00","2,316.00","0.03K","0.00%"
"04/07/2022","2,317.00","2,322.00","2,322.00","2,322.00","","0.00%"
"04/06/2022","2,317.00","2,322.00","2,322.50","2,316.00","0.06K","0.00%"
"04/05/2022","2,317.00","2,320.00","2,327.00","2,315.00","0.11K","-0.22%"
"04/04/2022","2,322.00","2,320.50","2,327.00","2,316.00","0.04K","0.26%"
"04/01/2022","2,316.00","2,320.00","2,325.00","2,316.00","0.06K","0.04%"
"03/31/2022","2,315.00","2,320.00","2,327.00","2,315.50","0.07K","0.00%"
"03/30/2022","2,315.00","2,321.00","2,322.00","2,316.00","0.04K","0.00%"
"03/29/2022","2,315.00","2,320.00","2,322.00","2,312.00","0.05K","0.00%"
"03/28/2022","2,315.00","2,320.00","2,321.00","2,313.00","0.05K","0.00%"
"03/25/2022","2,315.00","2,319.00","2,321.00","2,312.00","0.08K","0.00%"
"03/24/2022","2,315.00","2,318.00","2,321.00","2,316.00","0.05K","0.00%"
"03/23/2022","2,315.00","2,318.00","2,320.50","2,316.00","0.06K","0.00%"
"03/22/2022","2,315.00","2,316.00","2,320.00","2,310.00","0.06K","0.09%"
"03/21/2022","2,313.00","2,316.00","2,320.00","2,315.00","0.06K","0.00%"
"03/18/2022","2,313.00","2,316.00","2,318.00","2,312.50","0.03K","0.04%"
"03/17/2022","2,312.00","2,316.00","2,317.50","2,312.00","0.05K","0.00%"
"03/16/2022","2,312.00","2,316.00","2,317.00","2,315.00","0.04K","0.04%"
"03/15/2022","2,311.00","2,316.00","2,317.00","2,314.50","0.04K","0.00%"
"03/14/2022","2,311.00","2,316.00","2,316.00","2,310.00","0.05K","0.00%"
"03/11/2022","2,311.00","2,315.00","2,316.50","2,311.50","0.03K","0.00%"
"03/10/2022","2,311.00","2,316.00","2,316.00","2,314.00","0.02K","0.04%"
"03/09/2022","2,310.00","2,315.00","2,316.00","2,313.00","0.02K","-0.04%"
"03/08/2022","2,311.00","2,315.00","2,316.00","2,312.00","0.03K","0.00%"
"03/07/2022","2,311.00","2,315.00","2,316.50","2,315.00","0.02K","0.00%"
"03/04/2022","2,311.00","2,315.00","2,316.00","2,313.00","0.02K","0.00%"
"03/03/2022","2,311.00","2,315.00","2,316.00","2,314.50","0.02K","0.00%"
"03/02/2022","2,311.00","2,309.00","2,316.00","2,314.00","0.02K","0.04%"
"03/01/2022","2,310.00","2,315.00","2,316.00","2,313.00","0.03K","0.00%"
"02/28/2022","2,310.00","2,313.00","2,316.00","2,312.00","0.05K","0.00%"
"02/25/2022","2,310.00","2,314.00","2,316.00","2,313.00","0.03K","0.00%"
"02/24/2022","2,310.00","2,315.00","2,316.00","2,313.50","0.03K","0.04%"
"02/23/2022","2,309.00","2,314.00","2,316.00","2,312.50","0.03K","0.00%"
"02/22/2022","2,309.00","2,313.00","2,314.00","2,313.00","0.03K","0.00%"
"02/21/2022","2,309.00","2,313.00","2,315.00","2,312.00","0.02K","-0.04%"
"02/18/2022","2,310.00","2,313.00","2,315.00","2,313.00","0.03K","0.00%"
"02/17/2022","2,310.00","2,314.00","2,315.00","2,312.00","0.04K","0.00%"
"02/16/2022","2,310.00","2,313.50","2,318.00","2,308.00","0.07K","0.13%"
"02/15/2022","2,307.00","2,312.00","2,314.00","2,311.50","0.04K","-0.09%"
"02/14/2022","2,309.00","2,312.00","2,314.50","2,309.50","0.03K","0.00%"
"02/11/2022","2,309.00","2,312.00","2,314.00","2,310.00","0.04K","0.00%"
"02/10/2022","2,309.00","2,312.00","2,314.00","2,310.00","0.03K","0.00%"
"02/09/2022","2,309.00","2,312.00","2,316.00","2,307.00","0.04K","0.04%"
"02/08/2022","2,308.00","2,312.00","2,313.00","2,307.00","0.03K","0.00%"
"02/07/2022","2,308.00","2,312.00","2,313.00","2,307.00","0.04K","0.00%"
"02/04/2022","2,308.00","2,310.00","2,313.00","2,306.50","0.04K","0.00%"
"02/03/2022","2,308.00","2,310.00","2,319.00","2,310.00","0.03K","0.04%"
"02/02/2022","2,307.00","2,312.00","2,319.00","2,309.50","0.08K","0.00%"
"02/01/2022","2,307.00","2,309.00","2,312.00","2,307.00","0.06K","0.04%"
"01/31/2022","2,306.00","2,310.00","2,313.00","2,307.00","0.03K","0.04%"
"01/28/2022","2,305.00","2,310.00","2,313.00","2,307.00","0.02K","0.00%"
"01/27/2022","2,305.00","2,311.00","2,311.00","2,308.00","0.03K","0.00%"
"01/26/2022","2,305.00","2,309.50","2,311.00","2,308.00","0.04K","0.00%"
"01/25/2022","2,305.00","2,310.00","2,311.00","2,308.00","0.03K","0.00%"
"01/24/2022","2,305.00","2,310.00","2,310.00","2,304.00","0.06K","0.00%"
"01/21/2022","2,305.00","2,310.00","2,310.50","2,308.00","0.02K","0.00%"
"01/20/2022","2,305.00","2,300.00","2,310.00","2,300.00","0.12K","0.04%"
"01/19/2022","2,304.00","2,300.00","2,309.50","2,300.00","0.04K","0.04%"
"01/18/2022","2,303.00","2,300.00","2,308.00","2,300.00","0.02K","0.00%"
"01/17/2022","2,303.00","2,300.00","2,308.50","2,300.00","0.02K","0.04%"
"01/14/2022","2,302.00","2,300.00","2,308.50","2,300.00","0.04K","0.00%"
"01/13/2022","2,302.00","2,300.00","2,308.00","2,300.00","0.03K","0.00%"
"01/12/2022","2,302.00","2,300.00","2,307.00","2,300.00","0.00K","0.00%"
"01/11/2022","2,302.00","2,300.00","2,308.50","2,300.00","0.02K","0.00%"
"01/10/2022","2,302.00","2,300.00","2,308.50","2,300.00","0.04K","-0.04%"
"01/07/2022","2,303.00","2,300.00","2,308.00","2,300.00","0.03K","0.04%"
"01/06/2022","2,302.00","2,300.00","2,308.00","2,300.00","0.03K","0.00%"
"01/05/2022","2,302.00","2,300.00","2,307.00","2,300.00","0.04K","0.00%"
"01/04/2022","2,302.00","2,300.00","2,309.00","2,300.00","0.05K","0.04%"
"01/03/2022","2,301.00","2,300.00","2,307.00","2,300.00","0.02K","0.00%"